{
  "scenario": "spiral_protocol_optimization",
  "device": "cuda:0",
  "sweep": {
    "num_candidates": 6,
    "seed": 20260310,
    "dt_ms": 0.15,
    "tail_ms": 420.0,
    "results": [
      {
        "id": "cand_04",
        "runtime_sec": 269.00335454940796,
        "duration_ms": 1590.5,
        "protocol": {
          "id": "cand_04",
          "s1": {
            "region": "left_band",
            "start": 0.0,
            "period": 240.0,
            "count": 5,
            "duration": 2.5,
            "intensity": 65.0
          },
          "s2": {
            "region": "top_band",
            "start": 1082.5,
            "duration": 4.0,
            "intensity": 40.0,
            "coupling_interval": 120.0
          },
          "extra": [
            {
              "region": "top_band",
              "start": 1117.5,
              "duration": 1.5,
              "intensity": 35.0
            },
            {
              "region": "center_spot",
              "start": 1167.5,
              "duration": 3.0,
              "intensity": 48.0
            }
          ],
          "protocol_end_ms": 1170.5
        },
        "score": 0.6741587301587302,
        "classification": "strong_reentry_like",
        "markers": {
          "frame_dt_ms": 122.34615384615384,
          "post_start_ms": 1101.1153846153845,
          "active_fraction_mean": 0.4764056704616418,
          "active_fraction_peak": 0.7676601900969152,
          "active_fraction_post_mean": 0.5568118061281105,
          "reactivated_ge2_post_fraction": 0.3369553381142759,
          "reactivated_ge3_post_fraction": 0.0,
          "spatial_entropy_mean": 0.7802792811388699,
          "spatial_entropy_post_mean": 0.9011100813018954,
          "heterogeneity_post_persistent_fraction": 0.4,
          "sustained_midband_activity_fraction": 0.2,
          "peak_count": 3,
          "peak_times_ms": [
            244.69230769230768,
            734.0769230769231,
            1101.1153846153845
          ],
          "cycle_interval_mean_ms": 428.21153846153845,
          "cycle_interval_cv": 0.14285714285714302
        }
      },
      {
        "id": "cand_03",
        "runtime_sec": 218.31368374824524,
        "duration_ms": 1414.5,
        "protocol": {
          "id": "cand_03",
          "s1": {
            "region": "left_band",
            "start": 0.0,
            "period": 220.0,
            "count": 4,
            "duration": 2.0,
            "intensity": 55.0
          },
          "s2": {
            "region": "right_band",
            "start": 872.0,
            "duration": 3.0,
            "intensity": 40.0,
            "coupling_interval": 210.0
          },
          "extra": [
            {
              "region": "right_band",
              "start": 922.0,
              "duration": 3.0,
              "intensity": 35.0
            },
            {
              "region": "upper_right_spot",
              "start": 992.0,
              "duration": 2.5,
              "intensity": 55.0
            }
          ],
          "protocol_end_ms": 994.5
        },
        "score": 0.33077463308208116,
        "classification": "weak_reentry_like",
        "markers": {
          "frame_dt_ms": 128.5909090909091,
          "post_start_ms": 1028.7272727272727,
          "active_fraction_mean": 0.3861710889521508,
          "active_fraction_peak": 0.8073622367759231,
          "active_fraction_post_mean": 0.35626319037174164,
          "reactivated_ge2_post_fraction": 0.0,
          "reactivated_ge3_post_fraction": 0.0,
          "spatial_entropy_mean": 0.6611090790145816,
          "spatial_entropy_post_mean": 0.6019091520834777,
          "heterogeneity_post_persistent_fraction": 0.75,
          "sustained_midband_activity_fraction": 0.25,
          "peak_count": 3,
          "peak_times_ms": [
            257.1818181818182,
            642.9545454545455,
            1157.3181818181818
          ],
          "cycle_interval_mean_ms": 450.06818181818176,
          "cycle_interval_cv": 0.1428571428571427
        }
      },
      {
        "id": "cand_02",
        "runtime_sec": 190.45821619033813,
        "duration_ms": 1284.5,
        "protocol": {
          "id": "cand_02",
          "s1": {
            "region": "left_band",
            "start": 0.0,
            "period": 180.0,
            "count": 4,
            "duration": 2.0,
            "intensity": 45.0
          },
          "s2": {
            "region": "right_band",
            "start": 722.0,
            "duration": 2.0,
            "intensity": 50.0,
            "coupling_interval": 180.0
          },
          "extra": [
            {
              "region": "lower_left_spot",
              "start": 772.0,
              "duration": 2.0,
              "intensity": 55.0
            },
            {
              "region": "right_band",
              "start": 862.0,
              "duration": 2.5,
              "intensity": 48.0
            }
          ],
          "protocol_end_ms": 864.5
        },
        "score": 0.2517172017436054,
        "classification": "weak_reentry_like",
        "markers": {
          "frame_dt_ms": 128.45,
          "post_start_ms": 899.1499999999999,
          "active_fraction_mean": 0.4037002101031471,
          "active_fraction_peak": 0.9603368438519256,
          "active_fraction_post_mean": 0.3493951226088805,
          "reactivated_ge2_post_fraction": 0.0,
          "reactivated_ge3_post_fraction": 0.0,
          "spatial_entropy_mean": 0.6708699991497693,
          "spatial_entropy_post_mean": 0.5856553152547772,
          "heterogeneity_post_persistent_fraction": 0.5,
          "sustained_midband_activity_fraction": 0.25,
          "peak_count": 3,
          "peak_times_ms": [
            256.9,
            642.25,
            1027.6
          ],
          "cycle_interval_mean_ms": 385.34999999999997,
          "cycle_interval_cv": 1.4751114275543796e-16
        }
      },
      {
        "id": "cand_05",
        "runtime_sec": 195.05986785888672,
        "duration_ms": 1374.0,
        "protocol": {
          "id": "cand_05",
          "s1": {
            "region": "bottom_band",
            "start": 0.0,
            "period": 220.0,
            "count": 4,
            "duration": 2.0,
            "intensity": 45.0
          },
          "s2": {
            "region": "right_band",
            "start": 812.0,
            "duration": 3.0,
            "intensity": 50.0,
            "coupling_interval": 150.0
          },
          "extra": [
            {
              "region": "top_band",
              "start": 882.0,
              "duration": 2.0,
              "intensity": 48.0
            },
            {
              "region": "lower_left_spot",
              "start": 952.0,
              "duration": 2.0,
              "intensity": 55.0
            }
          ],
          "protocol_end_ms": 954.0
        },
        "score": 0.11305499930263845,
        "classification": "weak_reentry_like",
        "markers": {
          "frame_dt_ms": 124.9090909090909,
          "post_start_ms": 999.2727272727273,
          "active_fraction_mean": 0.39446190197166353,
          "active_fraction_peak": 0.9963391046881239,
          "active_fraction_post_mean": 0.3262001617846087,
          "reactivated_ge2_post_fraction": 0.0,
          "reactivated_ge3_post_fraction": 0.0,
          "spatial_entropy_mean": 0.5621033018518066,
          "spatial_entropy_post_mean": 0.4624176933787735,
          "heterogeneity_post_persistent_fraction": 0.25,
          "sustained_midband_activity_fraction": 0.0,
          "peak_count": 3,
          "peak_times_ms": [
            124.9090909090909,
            624.5454545454545,
            999.2727272727273
          ],
          "cycle_interval_mean_ms": 437.1818181818182,
          "cycle_interval_cv": 0.14285714285714282
        }
      },
      {
        "id": "cand_00",
        "runtime_sec": 197.5503635406494,
        "duration_ms": 1335.0,